first_name,last_name,email,phone,born_at
Jayde,Beahan,beahan.jayde@gmail.com,1-542-555-5812,2004-01-06 11:54:00
Freddy,Lakin,freddy.lakin@gmail.com,1-406-555-1825,1999-02-16 22:11:00
Percival,Huels,percival_huels@hotmail.com,1-340-555-4058,1989-06-10 17:12:00
Verna,Osinski,verna.osinski@yahoo.com,1-603-555-5147,1976-05-19 14:18:00
Arielle,Schulist,a_schulist@yahoo.com,1-419-555-7961,1983-07-25 15:39:00
Everette,Christiansen,everette.christiansen@yahoo.com,1-196-555-8572,1954-09-19 12:34:00
Esteban,Rolfson,e_rolfson@gmail.com,1-084-555-3157,1991-05-22 14:47:00
Gaylord,Ebert,g_ebert@yahoo.com,1-347-555-1482,1990-05-26 21:24:00
Shanelle,Jacobi,jacobi.shanelle@yahoo.com,1-906-555-0328,1983-02-10 21:50:00
Eddie,Sanford,sanford.eddie@hotmail.com,1-419-555-8106,1974-06-09 17:30:00
Jose,Heathcote,j_heathcote@hotmail.com,1-479-555-5781,2001-01-23 13:57:00
Derrick,Ernser,derrick@hotmail.com,1-431-555-8502,1964-07-30 19:15:00
Elda,Jast,jast_elda@gmail.com,1-746-555-4517,1971-01-22 22:13:00
Lottie,Cormier,l_cormier@gmail.com,1-276-555-1769,1989-08-16 23:12:00
Raleigh,Cruickshank,raleigh.cruickshank@yahoo.com,1-643-555-5278,1999-10-02 13:22:00
Greg,Smith,greg@hotmail.com,1-841-555-0734,1964-10-10 21:10:00
Ozella,Welch,o.welch@hotmail.com,1-670-555-4951,2000-06-22 13:11:00
Fleta,McCullough,mccullough_fleta@gmail.com,1-371-555-0325,1961-10-14 23:38:00
Warren,Ryan,warren.ryan@gmail.com,1-310-555-5730,1957-02-04 11:37:00
Freddie,Spencer,freddie_spencer@gmail.com,1-203-555-4860,1989-08-26 22:41:00
Felipa,Treutel,treutel.felipa@yahoo.com,1-419-555-3657,1954-07-18 18:49:00
Agustina,Metz,agustina.metz@gmail.com,1-419-555-3289,1990-07-09 16:49:00
Ed,Rice,ed_rice@gmail.com,1-602-555-6307,1982-04-29 12:46:00
Thalia,Buckridge,buckridge.thalia@gmail.com,1-308-555-4061,1987-09-12 14:37:00
Elyse,Smith,elyse@gmail.com,1-517-555-7921,1963-01-19 12:24:00
Beryl,Hansen,hansen.beryl@hotmail.com,1-537-555-3028,1985-12-16 11:36:00
Ewell,Oberbrunner,e.oberbrunner@hotmail.com,1-617-555-5803,2004-02-15 15:50:00
Clarissa,Smith,clarissa@yahoo.com,1-162-555-0981,1968-09-06 10:35:00
Diamond,Pfeffer,diamond@gmail.com,1-029-555-3761,2002-09-07 19:16:00
Chanel,Reynolds,chanel_reynolds@hotmail.com,1-902-555-7062,1985-01-02 11:21:00
Antwon,Heller,heller.antwon@hotmail.com,1-419-555-4276,1986-11-26 11:24:00
Rosella,Smith,rosella@yahoo.com,1-780-555-0384,1987-01-09 17:16:00
Mose,Maggio,mose@yahoo.com,1-419-555-0748,1952-04-15 15:30:00
Gust,Franecki,g.franecki@yahoo.com,1-569-555-7196,1985-12-18 13:47:00
Devon,Bosco,bosco_devon@hotmail.com,1-512-555-4580,1988-12-24 14:28:00
Milan,Conner,milan@hotmail.com,1-961-555-8103,1983-11-20 21:48:00
Jairo,Kuhn,jairo_kuhn@yahoo.com,1-419-555-8493,2000-01-13 18:16:00
Carmella,Kling,c_kling@hotmail.com,1-398-555-6295,2005-04-21 18:31:00
Nakia,Beahan,n.beahan@hotmail.com,1-067-555-7830,1997-12-16 18:51:00
Meggie,Jakubowski,m.jakubowski@gmail.com,1-310-555-1865,1988-03-22 10:15:00
Gabriella,Reichert,gabriella@yahoo.com,1-076-555-9051,1996-05-06 12:28:00
Laron,Hermiston,laron_hermiston@yahoo.com,1-512-555-1095,1988-01-19 20:57:00
Nellie,Willms,nellie.willms@gmail.com,1-241-555-4671,1977-05-14 16:26:00
Adeline,Koch,adeline.koch@yahoo.com,1-345-555-2730,1984-12-02 16:47:00
Cathy,Smith,cathy@gmail.com,1-419-555-8645,1982-01-27 18:18:00
Kiara,Ferry,kiara.ferry@hotmail.com,1-298-555-6381,1981-12-12 12:49:00
Eldridge,Koss,koss_eldridge@yahoo.com,1-409-555-0581,1984-09-16 19:55:00
Amara,Quitzon,amara@gmail.com,1-186-555-4781,2002-03-16 16:40:00
Myrl,Schaden,schaden_myrl@gmail.com,1-650-555-1587,1993-07-09 22:45:00
Jonas,Zboncak,jonas_zboncak@gmail.com,1-347-555-3840,1994-03-28 20:45:00
Cortez,Steuber,steuber.cortez@hotmail.com,1-817-555-6753,1971-02-06 20:47:00
Shaina,Schmidt,schmidt.shaina@gmail.com,1-804-555-5392,1965-09-25 10:14:00
Flo,Leffler,flo@gmail.com,1-125-555-2930,1967-10-26 15:22:00
Kylie,Blanda,kylie_blanda@gmail.com,1-047-555-9645,2002-01-30 14:27:00
Mariana,Emard,mariana@hotmail.com,1-481-555-6012,1974-03-07 11:18:00
Marilie,Gislason,marilie@yahoo.com,1-683-555-1490,1990-07-15 15:49:00
Toney,Mraz,toney_mraz@yahoo.com,1-174-555-4307,1993-09-11 11:12:00
Pearline,Howe,pearline@hotmail.com,1-189-555-4623,1971-03-10 17:46:00
Liza,Koss,liza@yahoo.com,1-926-555-6841,1987-04-07 21:40:00
Ned,Hermiston,ned.hermiston@yahoo.com,1-538-555-1807,1961-12-05 13:45:00
Anabel,Heidenreich,anabel_heidenreich@yahoo.com,1-582-555-3508,1951-09-26 23:16:00
Daphne,Koch,daphne_koch@gmail.com,1-081-555-4382,2005-12-07 20:45:00
Vinnie,Frami,frami.v@hotmail.com,1-360-555-2475,1956-11-07 13:34:00
Micah,Graham,micah_graham@yahoo.com,1-032-555-2815,1980-09-06 23:27:00
Brady,Mosciski,b_mosciski@yahoo.com,1-419-555-5093,1989-05-28 20:58:00
Mariana,Amore,mariana_amore@hotmail.com,1-419-555-7354,1960-11-06 21:57:00
Zakary,Terry,terry.zakary@yahoo.com,1-451-555-7842,1991-11-15 14:10:00
Nella,Boyle,nella_boyle@yahoo.com,1-684-555-9684,1969-07-03 17:28:00
Margarita,Tillman,tillman_margarita@hotmail.com,1-861-555-1027,1976-12-21 13:38:00
Antone,Nolan,a_nolan@hotmail.com,1-913-555-0345,1972-08-31 20:21:00
Kaylee,Fadel,kaylee.fadel@yahoo.com,1-570-555-5642,2000-09-17 15:47:00
Mike,Hettinger,mike@yahoo.com,1-436-555-6059,1981-03-21 12:31:00
Esperanza,Hessel,hessel_esperanza@hotmail.com,1-940-555-2035,1972-09-26 21:25:00
Devin,Welch,welch.devin@gmail.com,1-271-555-4701,1974-11-14 10:27:00
Aiden,Christiansen,aiden.christiansen@hotmail.com,1-435-555-7628,1965-09-12 20:40:00
Jovani,Zemlak,j_zemlak@gmail.com,1-125-555-8365,2002-03-30 17:41:00
Bryon,Cartwright,cartwright_bryon@gmail.com,1-821-555-9138,1982-03-19 23:58:00
Lina,Hane,lina_hane@gmail.com,1-196-555-5097,2003-02-09 13:34:00
Stephanie,Haag,stephanie_haag@gmail.com,1-056-555-7629,1973-09-22 15:23:00
Milo,Satterfield,milo_satterfield@yahoo.com,1-463-555-4105,1969-11-30 11:45:00
Ericka,VonRueden,vonrueden.ericka@hotmail.com,1-905-555-1095,1952-08-20 17:25:00
Wilhelmine,Heller,wilhelmine@gmail.com,1-308-555-5643,1968-09-16 14:11:00
Jacinto,Cole,jacinto@yahoo.com,1-068-555-2786,1963-05-20 19:16:00
Rhea,Langworth,r.langworth@hotmail.com,1-459-555-5093,1964-06-17 16:49:00
Nola,Hirthe,nola.hirthe@hotmail.com,1-876-555-1728,1977-12-18 18:24:00
Kattie,Cassin,kattie.cassin@hotmail.com,1-781-555-8305,1976-07-27 10:28:00
Anastasia,Luettgen,luettgen.anastasia@yahoo.com,1-905-555-4927,1984-12-20 20:56:00
Nat,Goodwin,nat@hotmail.com,1-968-555-6238,1990-06-11 17:58:00
Gust,Kessler,gust_kessler@yahoo.com,1-293-555-7351,1991-01-20 22:46:00
Josefa,Smitham,j_smitham@gmail.com,1-085-555-3509,1969-05-17 10:44:00
Earnest,Pollich,earnest_pollich@hotmail.com,1-812-555-5760,1965-09-28 10:29:00
Brando,Skiles,brando@hotmail.com,1-419-555-6589,1967-04-10 23:32:00
Valentin,Langosh,v_langosh@hotmail.com,1-319-555-3952,1957-11-01 19:34:00
Dusty,Dickinson,dusty@hotmail.com,1-948-555-7461,1956-04-13 18:12:00
Genesis,Buckridge,genesis@hotmail.com,1-861-555-7580,1996-03-16 18:46:00
Leta,Oberbrunner,l_oberbrunner@gmail.com,1-829-555-9235,1988-07-25 18:51:00
Elvis,Schultz,elvis.schultz@hotmail.com,1-419-555-4082,1969-08-12 21:11:00
Vicenta,Mertz,vicenta_mertz@gmail.com,1-761-555-4073,1961-09-27 15:27:00
Viola,Schmeler,viola.schmeler@yahoo.com,1-649-555-0568,1971-03-30 15:14:00
Wayne,Purdy,wayne@hotmail.com,1-419-555-4087,1957-08-21 11:59:00
